Car_Name,Year,Present_Price,Kms_Driven,Fuel_Type,Seller_Type,Transmission,Owner,Selling_Price
Tata Nexon,2018,15.84,111373,Petrol,Dealer,Manual,0,2.71
Mahindra XUV500,2012,29.24,63719,Petrol,Individual,Manual,0,5.13
Tata Nexon,2016,7.05,147798,Diesel,Dealer,Manual,0,0.5
Mahindra XUV500,2013,24.5,136164,Diesel,Individual,Automatic,0,0.5
Tata Nexon,2021,3.12,34995,Petrol,Dealer,Manual,1,1.81
Honda City,2017,6.51,137749,Petrol,Dealer,Manual,2,0.5
Honda City,2018,14.23,98778,Diesel,Dealer,Automatic,0,2.71
Mahindra XUV500,2023,5.68,26892,Diesel,Dealer,Manual,1,3.74
Hyundai Creta,2013,30.07,32057,Petrol,Individual,Manual,0,4.05
Maruti Swift,2022,30.65,121089,Petrol,Dealer,Manual,2,4.65
Honda City,2017,27.18,115452,Diesel,Dealer,Manual,0,5.72
Maruti Swift,2024,10.76,65753,Diesel,Dealer,Manual,0,6.52
Toyota Innova,2014,19.74,65275,CNG,Individual,Manual,0,2.63
Hyundai i20,2020,8.89,122819,Petrol,Individual,Manual,0,2.6
Maruti Swift,2015,12.0,80705,Petrol,Dealer,Automatic,1,0.76
Maruti Swift,2014,19.51,61438,Petrol,Dealer,Automatic,3,0.66
Toyota Innova,2024,26.52,105102,Diesel,Dealer,Automatic,1,12.04
Mahindra XUV500,2022,6.03,62314,Petrol,Dealer,Automatic,0,2.96
Tata Nexon,2014,12.49,35740,Petrol,Dealer,Manual,1,2.21
Kia Seltos,2013,32.65,146102,Petrol,Dealer,Manual,1,0.5
Hyundai Creta,2023,16.73,143123,Diesel,Individual,Manual,1,2.36
Mahindra XUV500,2020,33.04,61010,Petrol,Individual,Automatic,1,11.04
Tata Nexon,2019,34.72,130871,Diesel,Dealer,Manual,1,2.64
Tata Nexon,2016,19.85,113159,Diesel,Dealer,Manual,1,0.5
Hyundai Creta,2025,12.22,15589,Diesel,Individual,Automatic,1,11.33
Mahindra XUV500,2025,28.3,16395,Petrol,Dealer,Automatic,0,21.82
Mahindra XUV500,2024,8.1,148905,CNG,Dealer,Automatic,0,2.78
Hyundai Creta,2020,11.07,71134,Petrol,Individual,Manual,1,4.03
Maruti Swift,2024,28.12,91491,Petrol,Dealer,Manual,1,13.99
Maruti Swift,2013,16.88,126656,CNG,Dealer,Manual,0,0.5
Honda City,2017,9.45,146169,Petrol,Dealer,Manual,3,0.5
Honda City,2018,23.84,93096,Petrol,Dealer,Manual,0,5.05
Hyundai i20,2017,26.45,28426,Petrol,Dealer,Manual,0,10.86
Hyundai i20,2014,7.0,128267,Petrol,Dealer,Manual,0,0.5
Kia Seltos,2021,11.86,115128,Diesel,Dealer,Manual,2,2.46
Mahindra XUV500,2025,10.08,48463,Petrol,Individual,Manual,0,8.16
Honda City,2021,15.16,76249,Diesel,Dealer,Automatic,0,3.86
Mahindra XUV500,2021,27.43,45079,Diesel,Dealer,Manual,0,13.92
Maruti Swift,2020,25.84,129805,Petrol,Dealer,Manual,0,2.09
Toyota Innova,2025,24.2,76447,Petrol,Dealer,Manual,1,13.52
Honda City,2023,3.2,140026,Petrol,Individual,Manual,0,0.74
Maruti Swift,2019,7.55,113123,Diesel,Dealer,Manual,1,0.76
Mahindra XUV500,2019,10.15,134247,Diesel,Dealer,Automatic,2,0.55
Hyundai Creta,2019,11.7,101411,Diesel,Dealer,Automatic,0,3.77
Honda City,2020,7.69,60331,Petrol,Dealer,Manual,1,4.26
Tata Nexon,2012,16.13,23440,Petrol,Dealer,Automatic,0,2.85
Honda City,2019,5.41,63407,Petrol,Dealer,Manual,0,1.45
Mahindra XUV500,2013,27.0,35898,Petrol,Dealer,Manual,1,5.67
Mahindra XUV500,2015,28.21,126332,Petrol,Individual,Manual,1,0.5
Kia Seltos,2012,21.38,50428,CNG,Individual,Automatic,0,3.47
Mahindra XUV500,2023,5.87,20427,Petrol,Individual,Manual,0,4.84
Tata Nexon,2017,31.48,104751,CNG,Individual,Manual,2,0.86
Maruti Swift,2021,33.9,50419,Petrol,Individual,Manual,1,14.98
Tata Nexon,2012,9.48,92490,CNG,Individual,Manual,0,0.5
Honda City,2023,25.55,84363,Petrol,Dealer,Manual,0,11.57
Hyundai Creta,2016,29.94,79501,CNG,Dealer,Manual,0,6.49
Tata Nexon,2020,20.27,103632,Petrol,Individual,Manual,0,6.46
Kia Seltos,2012,13.35,13985,CNG,Dealer,Manual,0,4.3
Toyota Innova,2020,18.31,142045,Petrol,Dealer,Manual,0,2.52
Tata Nexon,2015,19.39,71673,Petrol,Dealer,Manual,0,3.45
Mahindra XUV500,2014,15.82,107776,Petrol,Dealer,Manual,1,0.5
Kia Seltos,2019,32.75,61718,Petrol,Dealer,Automatic,0,8.69
Tata Nexon,2017,26.8,106578,Diesel,Dealer,Manual,1,2.31
Hyundai i20,2018,10.72,73809,CNG,Dealer,Manual,0,3.14
Toyota Innova,2020,21.74,27627,Diesel,Individual,Manual,0,12.55
Maruti Swift,2016,25.04,57621,Diesel,Individual,Manual,0,6.49
Mahindra XUV500,2024,7.49,102729,Petrol,Individual,Automatic,1,3.22
Kia Seltos,2013,14.47,20151,Diesel,Individual,Manual,0,3.54
Tata Nexon,2014,31.98,80691,Petrol,Dealer,Manual,0,4.8
Hyundai Creta,2014,21.15,93484,Diesel,Dealer,Manual,0,1.26
Toyota Innova,2015,9.94,75172,Petrol,Dealer,Manual,0,1.57
Maruti Swift,2021,6.93,102185,Diesel,Individual,Manual,0,1.87
Toyota Innova,2018,19.58,114242,Petrol,Dealer,Automatic,1,2.68
Kia Seltos,2023,20.53,42236,Petrol,Individual,Automatic,0,13.42
Hyundai i20,2021,13.7,6042,Petrol,Dealer,Manual,1,8.36
Kia Seltos,2017,23.17,149135,Petrol,Individual,Manual,2,0.5
Kia Seltos,2014,5.2,107035,Petrol,Dealer,Automatic,0,0.5
Hyundai Creta,2025,7.64,113069,Petrol,Individual,Manual,1,3.37
Maruti Swift,2018,20.48,77838,Diesel,Dealer,Manual,1,5.38
Hyundai Creta,2015,4.98,120148,Petrol,Dealer,Manual,2,0.5
Hyundai Creta,2021,31.19,65650,Diesel,Dealer,Manual,0,16.19
Maruti Swift,2022,7.55,138374,Petrol,Individual,Manual,1,1.86
Tata Nexon,2022,24.57,47311,Petrol,Dealer,Manual,2,13.27
Honda City,2019,15.52,136433,Diesel,Individual,Automatic,0,0.76
Kia Seltos,2018,15.79,43261,Petrol,Individual,Manual,0,5.5
Maruti Swift,2018,27.48,126834,Petrol,Individual,Automatic,2,0.5
Hyundai Creta,2020,18.98,22171,Diesel,Dealer,Manual,1,12.59
Kia Seltos,2019,26.22,46226,Petrol,Dealer,Manual,0,12.11
Kia Seltos,2023,19.17,34327,Diesel,Dealer,Manual,1,14.57
Hyundai Creta,2012,21.97,75628,Petrol,Individual,Manual,0,0.5
Maruti Swift,2018,27.34,87473,Petrol,Individual,Manual,0,6.0
Hyundai i20,2014,22.43,69223,Diesel,Individual,Automatic,0,2.77
Hyundai i20,2023,22.7,80315,Diesel,Dealer,Manual,1,10.06
Kia Seltos,2015,28.26,109755,Petrol,Dealer,Manual,1,0.5
Hyundai i20,2017,33.37,68624,Diesel,Individual,Manual,0,6.56
Kia Seltos,2016,15.05,100650,CNG,Dealer,Automatic,1,1.24
Hyundai Creta,2019,21.47,145382,Petrol,Individual,Manual,0,2.4
Tata Nexon,2013,5.76,39281,Petrol,Dealer,Manual,1,1.78
Maruti Swift,2016,14.48,64270,CNG,Dealer,Automatic,0,3.07
Kia Seltos,2016,16.19,94345,Petrol,Individual,Automatic,0,1.56
Hyundai i20,2014,29.73,26735,Petrol,Dealer,Manual,1,6.3
Hyundai i20,2025,19.43,114899,Petrol,Dealer,Manual,0,9.87
Toyota Innova,2021,26.39,98173,Diesel,Individual,Manual,1,8.87
Toyota Innova,2024,3.61,143077,CNG,Individual,Automatic,0,0.83
Mahindra XUV500,2016,17.86,62564,Diesel,Individual,Manual,0,3.4
Hyundai i20,2015,31.84,56496,CNG,Individual,Manual,0,8.95
Mahindra XUV500,2022,10.18,34898,Petrol,Dealer,Automatic,1,6.19
Mahindra XUV500,2016,4.01,121659,Petrol,Dealer,Manual,0,0.5
Mahindra XUV500,2021,16.87,107742,Diesel,Dealer,Automatic,1,3.31
Tata Nexon,2020,25.54,116184,CNG,Dealer,Manual,1,1.47
Honda City,2018,17.54,50024,Petrol,Dealer,Manual,0,5.83
Kia Seltos,2012,17.72,34378,Petrol,Individual,Manual,0,3.88
Toyota Innova,2014,24.43,117591,Petrol,Dealer,Automatic,0,1.5
Kia Seltos,2020,11.14,124849,Petrol,Individual,Automatic,2,0.78
Toyota Innova,2015,27.06,98638,Petrol,Dealer,Automatic,0,5.2
Maruti Swift,2015,7.9,83580,Petrol,Dealer,Manual,0,1.31
Maruti Swift,2021,15.66,138507,CNG,Dealer,Manual,0,1.29
Hyundai i20,2017,23.99,114470,Petrol,Individual,Manual,1,1.32
Maruti Swift,2014,29.51,139458,Diesel,Dealer,Manual,1,0.5
Hyundai Creta,2014,28.33,50503,Petrol,Dealer,Manual,2,0.5
Maruti Swift,2020,26.09,113312,Petrol,Individual,Automatic,2,4.71
Honda City,2024,14.49,121465,Diesel,Dealer,Manual,0,6.37
Mahindra XUV500,2016,6.91,77939,Diesel,Dealer,Manual,0,1.43
Tata Nexon,2025,9.94,73475,Petrol,Individual,Automatic,1,5.59
Hyundai i20,2018,30.67,87758,Diesel,Dealer,Manual,2,4.4
Honda City,2016,30.43,125413,Diesel,Dealer,Automatic,0,0.5
Hyundai Creta,2017,33.45,91679,Petrol,Dealer,Manual,0,3.44
Hyundai i20,2019,5.43,59012,Petrol,Dealer,Automatic,2,1.48
Tata Nexon,2019,20.18,139210,Diesel,Dealer,Manual,0,0.97
Hyundai i20,2013,23.76,7752,Petrol,Dealer,Manual,0,7.98
Kia Seltos,2022,25.74,30765,Petrol,Dealer,Manual,2,13.6
Kia Seltos,2020,23.6,116193,Petrol,Dealer,Automatic,1,2.79
Kia Seltos,2021,27.64,5837,Petrol,Dealer,Automatic,0,20.52
Maruti Swift,2023,14.5,99010,CNG,Dealer,Manual,0,6.32
Tata Nexon,2023,8.74,132977,Petrol,Dealer,Automatic,0,2.15
Honda City,2023,9.55,61997,Petrol,Individual,Manual,2,4.89
Honda City,2025,3.38,94608,Petrol,Dealer,Automatic,3,1.27
Hyundai Creta,2017,14.21,108510,Diesel,Individual,Manual,1,0.99
Toyota Innova,2018,5.94,126907,Diesel,Dealer,Manual,0,0.81
Honda City,2014,13.29,65594,CNG,Dealer,Manual,0,1.41
Mahindra XUV500,2015,23.1,90269,Diesel,Dealer,Manual,1,0.5
Kia Seltos,2017,31.62,106614,Diesel,Individual,Manual,0,3.31
Mahindra XUV500,2018,29.87,42448,Petrol,Dealer,Manual,1,8.76
Hyundai Creta,2017,11.09,107979,Petrol,Dealer,Manual,1,0.57
Mahindra XUV500,2016,7.29,83340,Diesel,Dealer,Manual,0,1.06
Kia Seltos,2025,9.18,86746,Diesel,Dealer,Automatic,2,2.99
Toyota Innova,2023,34.07,144384,CNG,Dealer,Manual,0,9.0
Maruti Swift,2013,20.58,59994,Diesel,Dealer,Manual,1,1.42
Honda City,2023,8.84,90765,Petrol,Dealer,Manual,0,4.58
Tata Nexon,2018,29.9,7884,Petrol,Individual,Manual,1,15.74
Toyota Innova,2016,15.65,114113,Petrol,Dealer,Automatic,1,0.67
Honda City,2023,31.78,25522,Petrol,Dealer,Automatic,0,24.77
Maruti Swift,2020,11.34,10623,Petrol,Dealer,Manual,0,7.08
Mahindra XUV500,2024,15.58,16460,Petrol,Dealer,Manual,0,12.29
Tata Nexon,2022,19.16,15234,Petrol,Dealer,Automatic,0,11.68
Tata Nexon,2015,31.56,51905,Diesel,Dealer,Automatic,1,8.73
Hyundai Creta,2025,30.8,136454,Petrol,Dealer,Manual,0,10.64
Mahindra XUV500,2021,21.38,120492,Diesel,Dealer,Manual,0,3.8
Maruti Swift,2023,10.1,43353,Petrol,Dealer,Manual,0,6.88
Honda City,2013,15.91,145441,Petrol,Dealer,Manual,1,0.5
Mahindra XUV500,2018,34.22,39985,CNG,Dealer,Automatic,1,12.3
Hyundai i20,2018,22.45,47255,Petrol,Dealer,Manual,0,10.11
Hyundai Creta,2012,28.0,94197,CNG,Dealer,Manual,1,0.5
Honda City,2022,17.4,66590,Petrol,Dealer,Manual,1,7.23
Mahindra XUV500,2025,20.02,126282,Petrol,Individual,Manual,0,7.41
Mahindra XUV500,2024,16.73,52883,Petrol,Dealer,Manual,1,8.08
Toyota Innova,2016,25.49,56566,Petrol,Dealer,Manual,0,7.94
Toyota Innova,2014,30.25,5650,Petrol,Individual,Manual,0,11.34
Honda City,2020,19.24,26299,Diesel,Dealer,Manual,0,10.65
Hyundai Creta,2020,18.39,31862,Petrol,Individual,Manual,0,9.77
Kia Seltos,2018,13.89,21312,Diesel,Individual,Manual,1,6.4
Toyota Innova,2023,8.67,15943,Petrol,Individual,Manual,0,6.81
Hyundai i20,2020,33.06,73734,Petrol,Individual,Manual,0,12.46
Kia Seltos,2023,13.11,130560,CNG,Dealer,Manual,0,2.7
Hyundai i20,2013,28.62,57879,Diesel,Dealer,Automatic,1,3.52
Tata Nexon,2022,25.89,124652,Petrol,Individual,Manual,1,6.64
Toyota Innova,2021,28.31,139078,Petrol,Dealer,Automatic,0,4.98
Mahindra XUV500,2019,32.98,66876,Petrol,Individual,Manual,1,12.76
Kia Seltos,2021,22.95,13505,CNG,Dealer,Manual,2,13.49
Honda City,2021,31.73,25498,Petrol,Dealer,Manual,0,21.73
Kia Seltos,2021,8.37,112679,Diesel,Individual,Manual,1,2.63
Mahindra XUV500,2024,23.05,142675,Petrol,Dealer,Manual,0,7.36
Tata Nexon,2012,27.71,29744,CNG,Individual,Manual,0,4.19
Hyundai i20,2014,11.69,149532,Petrol,Dealer,Manual,0,0.5
Tata Nexon,2019,26.7,58273,Petrol,Individual,Manual,0,12.58
Maruti Swift,2022,27.91,84095,Diesel,Individual,Manual,3,6.11
Toyota Innova,2019,29.6,33544,CNG,Dealer,Automatic,0,13.98
Honda City,2025,13.01,11864,CNG,Dealer,Automatic,1,10.3
Hyundai i20,2021,24.81,94314,Diesel,Dealer,Manual,0,7.22
Tata Nexon,2019,12.74,84770,Diesel,Individual,Manual,1,3.86
Honda City,2022,26.65,33593,Diesel,Individual,Manual,0,17.41
Toyota Innova,2023,17.82,6729,Diesel,Dealer,Manual,1,12.48
Mahindra XUV500,2022,22.12,49515,Diesel,Dealer,Automatic,0,13.34
Honda City,2018,16.31,39936,Petrol,Individual,Manual,2,5.48
Toyota Innova,2013,8.18,17413,Diesel,Individual,Manual,1,1.61
Toyota Innova,2014,8.7,52652,Petrol,Dealer,Automatic,1,0.97
Toyota Innova,2020,5.48,34764,Diesel,Dealer,Automatic,0,3.08
Tata Nexon,2013,22.78,68784,Diesel,Individual,Automatic,0,3.22
Mahindra XUV500,2024,30.16,83796,Petrol,Dealer,Automatic,1,13.59
Toyota Innova,2018,3.67,81844,Petrol,Individual,Automatic,0,1.07
Honda City,2012,5.12,132610,Petrol,Dealer,Manual,0,0.5
Mahindra XUV500,2014,17.64,129887,Petrol,Individual,Manual,0,0.5
Maruti Swift,2024,26.61,79432,Petrol,Dealer,Manual,0,14.86
Honda City,2025,8.05,109944,CNG,Individual,Manual,0,4.11
Tata Nexon,2012,11.69,30282,Diesel,Dealer,Automatic,1,1.73
Toyota Innova,2017,10.42,78210,Diesel,Dealer,Manual,0,3.14
Hyundai Creta,2015,15.77,57984,Petrol,Dealer,Manual,0,5.52
Mahindra XUV500,2012,10.2,102496,CNG,Individual,Manual,0,0.5
Maruti Swift,2016,14.28,9721,Diesel,Dealer,Manual,0,6.31
Tata Nexon,2025,26.31,34197,Petrol,Dealer,Automatic,1,20.57
Hyundai i20,2015,22.55,6066,Diesel,Dealer,Manual,0,10.74
Hyundai i20,2025,5.6,113442,CNG,Dealer,Manual,1,1.43
Hyundai Creta,2022,23.41,64418,Petrol,Dealer,Manual,0,11.87
Hyundai Creta,2021,18.27,72454,Diesel,Dealer,Manual,0,7.43
Hyundai i20,2025,32.91,81262,CNG,Dealer,Automatic,0,19.71
Maruti Swift,2022,12.26,71678,Petrol,Individual,Manual,0,5.72
Mahindra XUV500,2021,26.24,122911,Diesel,Individual,Automatic,1,4.81
Honda City,2013,26.39,90768,Petrol,Individual,Automatic,0,0.5
Maruti Swift,2024,10.09,71951,Petrol,Dealer,Automatic,1,5.76
Hyundai Creta,2018,31.9,11374,Diesel,Individual,Manual,2,17.83
Mahindra XUV500,2023,18.72,31974,Petrol,Dealer,Automatic,1,11.07
Maruti Swift,2019,24.72,36914,Diesel,Dealer,Manual,0,9.85
Mahindra XUV500,2015,7.67,55014,Petrol,Dealer,Automatic,0,1.77
Maruti Swift,2020,11.25,14347,Petrol,Dealer,Automatic,2,6.03
Hyundai i20,2014,21.76,95468,Petrol,Dealer,Automatic,1,1.16
Kia Seltos,2024,13.21,94129,Petrol,Dealer,Automatic,1,4.82
Mahindra XUV500,2017,18.99,97103,Petrol,Dealer,Manual,0,2.27
Mahindra XUV500,2022,14.97,82599,Diesel,Dealer,Manual,1,3.98
Mahindra XUV500,2025,23.5,135774,CNG,Dealer,Manual,1,9.39
Honda City,2025,18.59,139212,Diesel,Dealer,Automatic,0,6.66
Kia Seltos,2018,3.15,79266,Petrol,Dealer,Manual,1,0.63
Kia Seltos,2018,23.79,129737,Diesel,Dealer,Manual,0,0.5
Maruti Swift,2017,16.51,19057,CNG,Dealer,Manual,0,6.44
Honda City,2020,13.93,34114,Petrol,Dealer,Manual,1,7.29
Kia Seltos,2012,6.01,23580,Petrol,Dealer,Automatic,0,0.93
Toyota Innova,2024,10.05,14802,Petrol,Individual,Manual,0,8.06
Maruti Swift,2020,10.16,92857,Petrol,Dealer,Automatic,0,4.33
Maruti Swift,2024,32.93,106467,CNG,Dealer,Manual,0,13.44
Maruti Swift,2020,16.84,107767,Diesel,Individual,Automatic,0,3.14
Toyota Innova,2015,4.35,140747,Diesel,Dealer,Manual,3,0.5
Hyundai Creta,2024,7.44,94450,Petrol,Dealer,Manual,0,3.0
Toyota Innova,2023,5.53,111039,Petrol,Dealer,Automatic,0,2.59
Hyundai i20,2023,21.84,33695,Petrol,Dealer,Manual,1,15.71
Hyundai Creta,2016,8.97,100970,CNG,Dealer,Manual,0,0.73
Tata Nexon,2014,18.95,35185,Petrol,Individual,Manual,0,3.99
Honda City,2018,14.84,94692,Diesel,Dealer,Manual,0,2.68
Tata Nexon,2013,28.72,50908,Petrol,Dealer,Manual,0,3.98
Maruti Swift,2019,13.26,121710,Diesel,Dealer,Manual,0,2.2
Kia Seltos,2020,17.66,7078,Diesel,Individual,Manual,0,12.52
Maruti Swift,2017,26.08,100886,Diesel,Individual,Manual,0,1.94
Kia Seltos,2020,16.87,148409,Petrol,Dealer,Manual,1,1.72
Hyundai i20,2017,28.38,11011,Petrol,Dealer,Manual,0,15.13
Mahindra XUV500,2014,24.17,122124,Petrol,Dealer,Automatic,2,0.5
Tata Nexon,2021,16.14,80532,CNG,Dealer,Manual,1,4.72
Mahindra XUV500,2014,19.13,51845,Petrol,Dealer,Automatic,0,3.91
Mahindra XUV500,2013,33.95,92030,Petrol,Dealer,Manual,2,0.5
Maruti Swift,2016,24.17,11618,Petrol,Individual,Manual,0,12.33
Tata Nexon,2024,31.96,77435,Petrol,Dealer,Manual,0,15.27
Hyundai Creta,2025,8.72,123158,Diesel,Dealer,Manual,0,3.84
Hyundai Creta,2015,18.46,83014,CNG,Dealer,Manual,1,1.35
Hyundai i20,2023,32.08,130713,Petrol,Dealer,Manual,0,8.13
Tata Nexon,2017,13.32,116550,CNG,Dealer,Automatic,0,0.9
Kia Seltos,2016,33.97,96965,Diesel,Individual,Manual,0,5.84
Honda City,2017,6.11,120503,Petrol,Dealer,Automatic,1,0.5
Mahindra XUV500,2015,31.89,147769,CNG,Individual,Automatic,0,0.5
Hyundai Creta,2025,17.25,43380,Diesel,Dealer,Manual,0,11.75
Hyundai i20,2024,5.36,100877,Petrol,Dealer,Manual,0,2.41
Tata Nexon,2014,31.14,65857,Diesel,Dealer,Manual,1,1.88
Maruti Swift,2012,11.06,26259,Petrol,Individual,Manual,0,1.15
Toyota Innova,2016,3.71,77622,Petrol,Dealer,Manual,0,0.5
Toyota Innova,2017,7.35,137221,Diesel,Dealer,Automatic,1,0.5
Hyundai i20,2016,24.09,27792,Diesel,Dealer,Automatic,0,9.6
Hyundai Creta,2016,34.29,98651,Diesel,Individual,Automatic,1,2.51
Toyota Innova,2023,6.57,94583,Petrol,Dealer,Manual,2,2.2
Hyundai Creta,2017,17.78,87614,CNG,Dealer,Manual,1,2.6
Honda City,2015,8.78,19263,Petrol,Dealer,Manual,0,3.05
Hyundai i20,2025,26.84,65309,Petrol,Dealer,Manual,0,17.99
Maruti Swift,2023,6.78,57451,Petrol,Dealer,Manual,0,3.97
Maruti Swift,2015,10.67,75379,Petrol,Dealer,Manual,2,0.5
Hyundai i20,2022,9.28,82969,Petrol,Individual,Automatic,3,3.05
Toyota Innova,2024,20.68,127425,Diesel,Dealer,Automatic,0,4.09
Toyota Innova,2019,30.94,147631,Diesel,Individual,Manual,1,0.75
Maruti Swift,2022,19.35,68728,CNG,Individual,Automatic,1,7.07
Honda City,2019,4.86,9952,Diesel,Dealer,Manual,0,2.84
Kia Seltos,2023,21.03,66726,Petrol,Dealer,Manual,0,9.91
Toyota Innova,2014,28.52,124735,Diesel,Individual,Automatic,0,0.5
Honda City,2018,7.23,45610,Diesel,Dealer,Automatic,0,3.16
Mahindra XUV500,2016,5.33,91467,Petrol,Dealer,Manual,2,0.74
Toyota Innova,2016,9.01,138225,Diesel,Individual,Manual,2,0.5
Kia Seltos,2023,26.87,99447,Petrol,Dealer,Automatic,0,12.65
Hyundai i20,2024,21.93,144091,Petrol,Individual,Manual,0,6.28
Tata Nexon,2014,20.3,111827,Petrol,Dealer,Manual,0,0.5
Maruti Swift,2013,10.98,102167,Diesel,Dealer,Manual,1,0.5
Hyundai i20,2024,13.63,133890,Diesel,Dealer,Automatic,1,3.62
Toyota Innova,2014,33.91,42929,Petrol,Individual,Manual,0,9.37
Kia Seltos,2018,10.7,39620,Diesel,Dealer,Automatic,1,3.5
Maruti Swift,2014,31.85,123818,CNG,Dealer,Manual,0,0.5
Tata Nexon,2022,21.58,130803,CNG,Individual,Manual,0,6.44
Tata Nexon,2024,6.95,15623,Petrol,Individual,Automatic,3,5.29
Kia Seltos,2013,17.95,90504,Petrol,Individual,Manual,0,0.5
Kia Seltos,2015,33.35,8809,Diesel,Dealer,Manual,0,8.26
Toyota Innova,2023,16.39,128690,Petrol,Individual,Manual,0,4.64
Maruti Swift,2016,30.63,97907,Petrol,Dealer,Automatic,0,3.23
Mahindra XUV500,2024,11.21,114502,Petrol,Dealer,Manual,1,3.85
Mahindra XUV500,2018,21.27,67496,Diesel,Individual,Manual,1,6.28
Hyundai Creta,2012,30.0,143049,Diesel,Dealer,Manual,1,0.5
Toyota Innova,2025,32.46,140206,Petrol,Dealer,Manual,0,12.64
Tata Nexon,2019,18.55,34431,Petrol,Dealer,Manual,0,7.83
Hyundai i20,2021,23.47,54565,Diesel,Individual,Manual,0,13.52
Hyundai i20,2014,3.1,52312,Petrol,Dealer,Manual,1,0.77
Honda City,2025,11.1,115613,Petrol,Dealer,Manual,0,4.25
Tata Nexon,2022,11.92,43916,Petrol,Dealer,Manual,1,5.89
Mahindra XUV500,2017,5.99,87839,Petrol,Dealer,Automatic,0,1.28
Mahindra XUV500,2015,11.95,55058,Petrol,Individual,Manual,0,1.89
Tata Nexon,2025,13.28,147930,Diesel,Dealer,Manual,0,3.7
Toyota Innova,2016,34.0,48324,Diesel,Individual,Automatic,3,8.43
Honda City,2021,24.4,95687,Petrol,Individual,Manual,0,9.31
Hyundai Creta,2023,16.63,33147,Petrol,Dealer,Manual,0,13.24
Kia Seltos,2017,34.62,82914,Petrol,Dealer,Manual,0,7.57
Honda City,2013,7.9,127879,Diesel,Dealer,Automatic,0,0.5
Maruti Swift,2024,18.23,83593,Petrol,Individual,Manual,0,9.55
Toyota Innova,2014,23.71,137432,Petrol,Dealer,Automatic,0,0.5
Kia Seltos,2019,4.78,7048,Diesel,Dealer,Manual,0,2.84
Kia Seltos,2019,25.94,48935,Diesel,Dealer,Manual,0,11.23
Mahindra XUV500,2012,6.2,122884,Petrol,Dealer,Manual,0,0.5
Hyundai i20,2021,7.49,96199,Petrol,Individual,Automatic,0,2.64
Maruti Swift,2019,8.11,114982,CNG,Individual,Manual,1,0.5
Honda City,2022,32.72,60885,CNG,Dealer,Manual,0,15.65
Hyundai i20,2013,24.86,23061,Petrol,Individual,Manual,0,6.48
Tata Nexon,2021,23.97,82015,Diesel,Individual,Manual,0,6.15
Toyota Innova,2021,20.78,114508,Diesel,Dealer,Manual,0,6.4
Hyundai Creta,2024,12.37,122700,CNG,Dealer,Manual,1,2.49
Honda City,2019,22.87,146964,Petrol,Individual,Manual,1,0.97
Tata Nexon,2023,16.12,28931,Diesel,Individual,Manual,1,9.3
Kia Seltos,2021,7.65,105175,Diesel,Dealer,Automatic,0,2.1
Mahindra XUV500,2016,25.07,29654,Petrol,Dealer,Automatic,0,10.22
Honda City,2012,7.15,93478,Diesel,Individual,Manual,0,0.52
Hyundai i20,2019,9.1,58886,Petrol,Dealer,Manual,0,3.65
Maruti Swift,2023,29.17,125477,Petrol,Individual,Manual,0,5.52
Hyundai i20,2016,24.12,77470,Petrol,Individual,Manual,0,5.85
Toyota Innova,2012,23.19,105029,CNG,Individual,Manual,1,0.5
Mahindra XUV500,2015,16.38,70324,Petrol,Individual,Manual,0,2.83
Toyota Innova,2024,15.68,110520,Diesel,Dealer,Automatic,3,5.12
Honda City,2012,25.09,70027,Diesel,Individual,Manual,0,0.5
Hyundai i20,2024,26.68,6425,Petrol,Dealer,Manual,1,21.07
Maruti Swift,2020,19.33,137805,Petrol,Individual,Manual,0,1.92
Kia Seltos,2021,34.02,69411,Diesel,Dealer,Manual,1,16.18
Toyota Innova,2013,33.58,15603,CNG,Dealer,Automatic,0,11.46
Maruti Swift,2019,16.2,17152,Petrol,Dealer,Manual,0,7.51
Tata Nexon,2015,29.26,61318,Petrol,Individual,Automatic,0,8.21
Honda City,2020,20.38,113051,Petrol,Dealer,Manual,3,2.64
Maruti Swift,2013,19.38,26068,Petrol,Dealer,Manual,3,0.83
Honda City,2023,4.76,18531,Petrol,Individual,Automatic,0,3.52
Tata Nexon,2014,21.37,117289,Petrol,Individual,Manual,1,0.5
Maruti Swift,2013,31.82,39288,Petrol,Dealer,Manual,0,4.14
Mahindra XUV500,2021,27.96,105694,Petrol,Dealer,Automatic,0,10.62
Maruti Swift,2025,28.16,96762,Diesel,Dealer,Manual,0,11.89
Kia Seltos,2016,8.12,103197,CNG,Individual,Manual,3,0.5
Tata Nexon,2022,14.47,148531,Petrol,Individual,Manual,0,1.65
Hyundai Creta,2012,10.46,109445,Diesel,Individual,Manual,0,0.5
Mahindra XUV500,2023,13.11,111243,Petrol,Dealer,Manual,0,4.4
Mahindra XUV500,2014,21.55,75313,CNG,Dealer,Automatic,0,0.73
Hyundai i20,2012,14.67,132286,Diesel,Individual,Manual,0,0.5
Hyundai Creta,2021,20.94,8801,Diesel,Dealer,Manual,0,15.17
Maruti Swift,2025,17.03,77593,Petrol,Dealer,Manual,0,10.72
Kia Seltos,2019,12.17,78635,Diesel,Dealer,Manual,0,3.64
Maruti Swift,2023,6.05,85729,Petrol,Individual,Manual,0,2.92
Kia Seltos,2015,31.54,60233,Petrol,Individual,Manual,0,5.36
Mahindra XUV500,2014,3.36,25011,Petrol,Dealer,Automatic,2,1.09
Toyota Innova,2019,3.05,53900,Diesel,Individual,Manual,0,1.47
Mahindra XUV500,2024,29.46,85085,Diesel,Dealer,Manual,1,15.9
Hyundai i20,2020,34.9,143032,Petrol,Dealer,Manual,0,5.25
Maruti Swift,2019,26.27,21583,Diesel,Dealer,Manual,0,15.1
Hyundai Creta,2017,3.49,135283,Petrol,Dealer,Automatic,0,0.5
Tata Nexon,2025,10.25,77532,Petrol,Dealer,Manual,1,6.03
Honda City,2014,34.1,19201,Diesel,Individual,Manual,1,10.06
Tata Nexon,2019,28.88,65019,Petrol,Dealer,Manual,0,12.87
Hyundai i20,2024,21.14,25420,Petrol,Dealer,Manual,0,16.95
Toyota Innova,2016,10.58,45602,Petrol,Dealer,Automatic,1,3.23
Toyota Innova,2016,3.46,105156,Diesel,Dealer,Manual,0,0.5
Toyota Innova,2023,3.67,54031,Petrol,Dealer,Manual,1,2.01
Kia Seltos,2020,22.58,17629,CNG,Dealer,Manual,0,12.89
Tata Nexon,2012,3.7,33675,Petrol,Individual,Manual,1,0.58
Hyundai Creta,2018,34.8,132652,Diesel,Individual,Manual,0,1.03
Honda City,2019,8.87,137734,Petrol,Individual,Automatic,0,0.55
Mahindra XUV500,2022,25.74,85270,Petrol,Dealer,Manual,1,10.59
Mahindra XUV500,2021,7.96,12589,Diesel,Individual,Automatic,0,5.12
Honda City,2014,20.28,113954,Petrol,Dealer,Manual,0,0.5
Mahindra XUV500,2019,5.58,9655,Petrol,Dealer,Automatic,0,2.79
Kia Seltos,2012,27.54,79285,Petrol,Dealer,Manual,0,0.5
Maruti Swift,2019,21.72,146869,Petrol,Dealer,Manual,0,1.78
Kia Seltos,2018,5.76,11645,Petrol,Individual,Automatic,2,2.22
Honda City,2015,30.15,122379,Diesel,Dealer,Manual,1,0.5
Honda City,2022,20.5,52634,Diesel,Dealer,Manual,0,12.57
Hyundai Creta,2018,32.49,41760,Petrol,Dealer,Automatic,1,11.76
Hyundai Creta,2021,32.33,33233,Petrol,Individual,Manual,0,24.8
Maruti Swift,2025,32.46,55091,Petrol,Individual,Manual,1,23.18
Tata Nexon,2022,5.49,140510,Petrol,Dealer,Automatic,0,0.8
Tata Nexon,2018,6.87,109602,Diesel,Individual,Automatic,1,1.04
Hyundai i20,2024,34.61,89905,Diesel,Individual,Automatic,1,15.9
Hyundai Creta,2021,18.6,97139,Petrol,Dealer,Manual,1,4.55
Tata Nexon,2024,10.62,16319,Petrol,Dealer,Manual,0,7.71
Toyota Innova,2023,27.63,85258,Diesel,Dealer,Manual,0,14.61
Hyundai Creta,2012,11.46,108293,Petrol,Dealer,Manual,0,0.5
Hyundai Creta,2014,26.27,142100,Petrol,Individual,Automatic,0,0.5
Toyota Innova,2018,29.79,116930,Diesel,Dealer,Manual,0,1.85
Hyundai Creta,2022,28.1,115629,Diesel,Dealer,Manual,1,6.11
Hyundai Creta,2024,11.77,30940,Petrol,Individual,Manual,1,8.05
Hyundai i20,2016,15.85,144494,Diesel,Dealer,Automatic,0,0.5
Honda City,2020,16.22,56651,Petrol,Dealer,Manual,0,4.75
Hyundai Creta,2018,18.72,25688,Diesel,Dealer,Automatic,1,8.3
Hyundai i20,2014,8.36,19472,Petrol,Dealer,Automatic,2,1.69
Maruti Swift,2012,17.48,85436,Diesel,Dealer,Automatic,0,1.0
Hyundai i20,2016,19.35,40671,Diesel,Individual,Automatic,0,9.85
Hyundai i20,2025,20.01,78299,Petrol,Dealer,Automatic,1,10.51
Kia Seltos,2024,29.24,15960,Diesel,Individual,Automatic,1,18.94
Toyota Innova,2021,19.55,127652,Diesel,Dealer,Manual,0,4.23
Maruti Swift,2024,10.39,129118,Petrol,Dealer,Manual,1,2.97
Kia Seltos,2016,24.22,138146,Diesel,Individual,Manual,1,0.5
Maruti Swift,2018,28.51,39833,CNG,Dealer,Manual,0,14.99
Hyundai i20,2025,13.22,40976,Diesel,Individual,Manual,1,9.89
Hyundai Creta,2012,23.65,112549,Petrol,Individual,Manual,0,0.5
Kia Seltos,2021,7.7,135120,Petrol,Dealer,Automatic,1,1.39
Kia Seltos,2013,13.94,70658,Petrol,Dealer,Manual,0,1.3
Maruti Swift,2022,32.1,55108,Petrol,Individual,Manual,0,17.95
Maruti Swift,2017,32.16,55138,Petrol,Individual,Automatic,1,5.98
Tata Nexon,2019,21.41,14443,Petrol,Dealer,Manual,1,12.76
Mahindra XUV500,2015,25.48,74969,Petrol,Dealer,Manual,3,0.93
Maruti Swift,2014,30.33,137062,Petrol,Dealer,Automatic,0,0.5
Kia Seltos,2014,33.67,128781,Petrol,Dealer,Manual,0,0.5
Honda City,2014,18.68,97198,Diesel,Individual,Manual,3,0.5
Maruti Swift,2013,20.97,66336,Diesel,Dealer,Manual,1,1.55
Toyota Innova,2012,16.3,34097,Petrol,Dealer,Manual,2,0.5
Tata Nexon,2016,5.3,56356,Petrol,Dealer,Automatic,0,1.68
Toyota Innova,2021,16.53,89744,Petrol,Dealer,Manual,0,4.92
Mahindra XUV500,2016,28.3,93015,Petrol,Dealer,Automatic,0,0.5
Toyota Innova,2016,28.76,148994,Petrol,Dealer,Manual,1,0.5
Honda City,2015,31.56,80919,Diesel,Dealer,Manual,2,0.5
Hyundai Creta,2014,4.65,108854,Petrol,Dealer,Automatic,0,0.5
Tata Nexon,2023,19.87,58034,CNG,Dealer,Automatic,0,12.83
Mahindra XUV500,2014,6.44,102431,Petrol,Dealer,Manual,0,0.69
Hyundai i20,2013,9.42,139279,Petrol,Individual,Manual,1,0.5
Kia Seltos,2016,31.81,33234,Diesel,Individual,Automatic,0,9.69
Kia Seltos,2015,18.9,35568,Diesel,Dealer,Manual,1,4.06
Maruti Swift,2017,27.27,73633,Diesel,Dealer,Manual,0,8.22
Kia Seltos,2013,5.06,122766,CNG,Individual,Automatic,0,0.5
Honda City,2013,16.34,114582,Petrol,Dealer,Manual,0,0.5
Kia Seltos,2019,24.58,59703,Diesel,Individual,Manual,1,10.72
Honda City,2017,7.27,122634,Petrol,Individual,Manual,0,0.5
Hyundai i20,2014,13.43,104928,Diesel,Dealer,Automatic,2,0.5
Hyundai Creta,2016,5.07,80253,Petrol,Dealer,Manual,1,0.5
Honda City,2014,23.84,121170,Petrol,Dealer,Automatic,0,0.5
Hyundai i20,2022,34.07,21642,Diesel,Dealer,Manual,0,22.89
Hyundai i20,2013,29.47,84176,Petrol,Individual,Manual,2,0.5
Hyundai i20,2014,34.19,87373,Petrol,Individual,Manual,0,2.69
Honda City,2012,30.06,13990,Petrol,Dealer,Manual,0,5.97
Mahindra XUV500,2025,30.37,9170,Diesel,Dealer,Manual,2,22.18
Hyundai i20,2018,21.47,141208,Diesel,Dealer,Manual,1,0.5
Hyundai Creta,2017,19.58,137784,Diesel,Dealer,Manual,0,1.36
Mahindra XUV500,2016,16.0,78687,Diesel,Dealer,Automatic,0,2.86
Honda City,2017,29.18,146545,Petrol,Individual,Manual,1,0.5
Hyundai Creta,2019,8.83,128376,Petrol,Dealer,Automatic,0,1.43
Tata Nexon,2014,4.8,90031,Petrol,Dealer,Manual,0,0.5
Hyundai Creta,2014,33.33,26625,Diesel,Dealer,Manual,0,8.04
Hyundai i20,2023,3.12,149833,Petrol,Dealer,Manual,0,0.51
Honda City,2016,34.26,79454,Petrol,Dealer,Manual,2,1.91
Honda City,2016,26.32,6821,Petrol,Dealer,Manual,1,14.3
Mahindra XUV500,2025,13.51,105120,Diesel,Dealer,Manual,1,6.35
Honda City,2022,25.33,41200,Petrol,Individual,Manual,2,13.88
Maruti Swift,2012,29.17,88889,Diesel,Dealer,Manual,0,0.5
Mahindra XUV500,2015,10.85,89304,Diesel,Dealer,Automatic,0,0.5
Mahindra XUV500,2020,27.67,41447,Diesel,Individual,Automatic,1,16.2
Maruti Swift,2019,28.74,96568,CNG,Individual,Manual,0,7.83
Hyundai i20,2014,10.98,111502,Petrol,Dealer,Automatic,0,0.5
Kia Seltos,2016,4.34,109567,Diesel,Dealer,Manual,0,0.5
Tata Nexon,2016,9.53,22757,Diesel,Individual,Automatic,0,4.3
Kia Seltos,2018,9.42,112136,Diesel,Dealer,Manual,0,1.08
Hyundai i20,2019,5.09,148026,Diesel,Dealer,Manual,0,0.5
Toyota Innova,2020,26.23,97342,Petrol,Dealer,Manual,0,5.99
Toyota Innova,2018,15.16,93760,Diesel,Dealer,Manual,0,2.03
Hyundai Creta,2013,31.3,139883,Petrol,Dealer,Manual,0,0.5
Tata Nexon,2019,11.07,144709,CNG,Dealer,Manual,0,0.61
Mahindra XUV500,2019,17.5,17133,Diesel,Individual,Manual,3,7.32
Tata Nexon,2022,23.45,51986,Diesel,Individual,Manual,2,11.66
Tata Nexon,2024,31.08,60508,Diesel,Individual,Automatic,1,20.93
Maruti Swift,2025,19.79,6401,Petrol,Dealer,Manual,3,14.78
Maruti Swift,2013,14.95,146076,Petrol,Dealer,Automatic,3,0.5
Toyota Innova,2024,30.74,105313,Diesel,Individual,Manual,0,12.89
Tata Nexon,2017,12.93,141973,Petrol,Dealer,Manual,0,0.57
Hyundai Creta,2024,5.54,74621,Petrol,Dealer,Manual,2,2.61
Honda City,2021,17.24,124673,Diesel,Dealer,Automatic,1,4.71
Kia Seltos,2012,28.12,131545,Petrol,Dealer,Manual,0,0.5
Toyota Innova,2022,3.98,86299,Diesel,Dealer,Manual,1,1.07
Tata Nexon,2018,21.75,63171,Petrol,Dealer,Manual,0,7.37
Honda City,2021,22.02,15354,Diesel,Individual,Manual,0,14.89
Tata Nexon,2013,32.71,63860,Diesel,Dealer,Manual,0,5.54
Mahindra XUV500,2016,12.17,14504,Petrol,Individual,Manual,0,6.65
Hyundai i20,2025,11.92,139595,Petrol,Individual,Automatic,0,4.72
Honda City,2018,17.1,79243,Petrol,Dealer,Automatic,2,3.67
Mahindra XUV500,2021,14.42,133890,CNG,Individual,Automatic,0,3.24
Kia Seltos,2022,26.56,91703,Petrol,Individual,Manual,0,10.31
Hyundai i20,2020,23.54,96407,Petrol,Dealer,Manual,0,4.75
Mahindra XUV500,2025,27.29,28982,Diesel,Dealer,Manual,1,20.37
Maruti Swift,2012,29.24,6049,Petrol,Dealer,Automatic,3,5.64
Toyota Innova,2020,32.54,18381,CNG,Dealer,Manual,0,17.22
Tata Nexon,2022,16.79,53390,Diesel,Dealer,Manual,0,10.6
Toyota Innova,2016,34.51,17061,Petrol,Dealer,Automatic,0,16.81
Kia Seltos,2017,9.9,76241,Diesel,Dealer,Manual,1,1.12
Tata Nexon,2025,25.86,55296,Petrol,Dealer,Manual,0,19.67
Hyundai i20,2019,20.09,69535,Diesel,Dealer,Manual,0,6.7
Honda City,2022,29.14,104009,Diesel,Dealer,Manual,0,8.81
Honda City,2025,18.26,70191,Petrol,Individual,Automatic,0,12.49
Tata Nexon,2013,28.09,56576,Petrol,Dealer,Manual,2,1.42
Hyundai i20,2023,32.77,33147,CNG,Individual,Manual,0,25.93
Tata Nexon,2018,26.43,121622,Petrol,Dealer,Manual,0,1.25
Tata Nexon,2023,27.84,73020,Diesel,Dealer,Manual,1,10.41
Hyundai Creta,2015,5.15,137817,Petrol,Dealer,Manual,1,0.5
Mahindra XUV500,2020,9.56,46929,Petrol,Dealer,Manual,0,5.11
Tata Nexon,2017,34.18,67637,Diesel,Individual,Manual,3,3.21
Honda City,2018,25.18,135860,Petrol,Dealer,Manual,1,0.5
Hyundai Creta,2022,20.97,71313,Diesel,Dealer,Automatic,0,10.35
Kia Seltos,2017,14.74,14525,Petrol,Dealer,Manual,0,5.81
Tata Nexon,2022,4.42,134228,Petrol,Dealer,Automatic,0,1.09
Honda City,2019,14.81,48348,CNG,Individual,Manual,0,6.16
Maruti Swift,2017,18.97,65447,Diesel,Dealer,Manual,0,5.84
Hyundai i20,2018,9.77,115709,CNG,Individual,Automatic,1,0.5
Maruti Swift,2019,8.54,91030,CNG,Dealer,Manual,1,2.59
Tata Nexon,2012,19.27,138113,CNG,Dealer,Manual,0,0.5
Honda City,2021,21.75,84866,Diesel,Dealer,Manual,0,9.27
Hyundai i20,2023,10.68,56826,Petrol,Dealer,Manual,0,6.84
Toyota Innova,2015,21.8,110808,CNG,Individual,Manual,1,0.5
Hyundai i20,2017,31.81,132749,Petrol,Dealer,Manual,1,0.7
Hyundai i20,2012,18.14,100822,Petrol,Dealer,Manual,0,0.5
Hyundai Creta,2015,30.44,33028,Petrol,Individual,Manual,1,5.96
Tata Nexon,2017,32.67,37887,Petrol,Dealer,Automatic,0,16.54
Mahindra XUV500,2018,5.96,70045,Diesel,Dealer,Manual,1,1.98
Maruti Swift,2024,6.07,109136,Petrol,Dealer,Manual,0,3.3
Maruti Swift,2017,18.23,32428,Petrol,Dealer,Manual,0,7.07
Hyundai Creta,2022,21.82,137685,Petrol,Dealer,Manual,0,4.81
Toyota Innova,2015,16.63,53343,Petrol,Dealer,Manual,2,3.13
Tata Nexon,2023,13.45,78159,Diesel,Individual,Manual,1,6.14
Hyundai i20,2024,23.51,106337,Petrol,Dealer,Manual,2,7.17
Mahindra XUV500,2018,3.07,57088,Petrol,Individual,Automatic,0,0.93
Kia Seltos,2021,33.98,34653,Petrol,Dealer,Automatic,0,20.19
Maruti Swift,2025,10.43,82512,Petrol,Dealer,Manual,0,5.28
Maruti Swift,2013,32.35,114122,Diesel,Individual,Automatic,1,0.5
Honda City,2017,6.49,20718,Petrol,Individual,Manual,1,2.86
Hyundai i20,2016,10.62,79877,Petrol,Dealer,Manual,1,1.38
Tata Nexon,2013,10.52,59219,Petrol,Dealer,Automatic,1,1.47
Maruti Swift,2020,34.88,118500,Petrol,Individual,Manual,1,4.73
Hyundai Creta,2024,3.15,31285,CNG,Individual,Manual,2,1.94
Mahindra XUV500,2018,23.47,57310,Petrol,Individual,Manual,0,8.95
Hyundai Creta,2025,30.83,129246,Diesel,Dealer,Automatic,1,9.07
Hyundai Creta,2014,24.51,115545,Diesel,Dealer,Manual,2,0.5
Hyundai Creta,2018,14.61,99873,Petrol,Dealer,Manual,0,2.17
Tata Nexon,2022,33.67,136527,CNG,Individual,Manual,1,5.6
Hyundai i20,2022,31.59,78179,Diesel,Dealer,Manual,0,17.65
Hyundai Creta,2017,16.89,132185,Diesel,Dealer,Manual,0,0.5
Hyundai i20,2018,21.35,13867,Petrol,Individual,Automatic,1,12.11
Maruti Swift,2015,33.96,30577,Diesel,Dealer,Manual,0,12.63
Toyota Innova,2024,34.44,96007,Petrol,Individual,Manual,0,19.46
Tata Nexon,2024,17.39,149959,Petrol,Dealer,Automatic,2,6.32
Hyundai Creta,2021,30.12,48314,Diesel,Dealer,Manual,0,18.45
Hyundai Creta,2024,12.66,5059,Diesel,Dealer,Manual,0,11.27
Tata Nexon,2019,14.9,148745,Petrol,Dealer,Manual,1,0.5
Honda City,2019,8.27,93231,Diesel,Dealer,Automatic,0,1.54
Mahindra XUV500,2018,9.69,126696,Diesel,Dealer,Manual,0,0.97
Hyundai i20,2024,24.02,6794,Petrol,Dealer,Manual,0,17.44
Hyundai i20,2018,19.35,131142,Petrol,Individual,Manual,0,1.88
Maruti Swift,2021,10.4,15721,Petrol,Dealer,Manual,0,5.5
Maruti Swift,2024,15.89,10686,Diesel,Dealer,Manual,2,12.73
Maruti Swift,2024,14.94,100003,Diesel,Dealer,Manual,0,6.51
Honda City,2019,34.6,67722,Petrol,Dealer,Manual,0,12.69
Mahindra XUV500,2012,30.31,148960,Diesel,Individual,Manual,3,0.5
Hyundai Creta,2017,15.41,44348,Diesel,Dealer,Manual,1,3.22
Toyota Innova,2013,32.25,18533,Diesel,Dealer,Manual,0,11.61
Maruti Swift,2012,13.96,66422,Petrol,Individual,Automatic,0,1.81
Maruti Swift,2023,24.37,139625,Petrol,Dealer,Automatic,1,4.64
Kia Seltos,2021,33.93,123360,Diesel,Dealer,Manual,1,7.68
Mahindra XUV500,2018,15.49,13144,Petrol,Individual,Manual,1,7.26
Maruti Swift,2017,24.76,112578,Petrol,Individual,Manual,0,2.65
Honda City,2016,12.47,96045,Diesel,Dealer,Manual,0,1.95
Tata Nexon,2016,11.52,141509,Petrol,Dealer,Manual,0,0.5
Toyota Innova,2020,21.37,95083,Diesel,Individual,Manual,1,7.16
Tata Nexon,2020,34.34,28830,Petrol,Dealer,Automatic,1,18.91
Hyundai Creta,2023,17.5,115581,Petrol,Individual,Automatic,0,6.11
Kia Seltos,2023,33.0,79285,Petrol,Individual,Manual,0,14.76
Hyundai i20,2017,32.26,51553,Petrol,Individual,Manual,2,7.26
Hyundai i20,2024,11.12,141987,Petrol,Dealer,Manual,0,3.73
Maruti Swift,2014,15.86,33695,Diesel,Dealer,Manual,0,2.86
Kia Seltos,2018,23.59,19703,Petrol,Dealer,Automatic,1,12.56
Tata Nexon,2015,19.58,72918,CNG,Dealer,Manual,0,2.77
Honda City,2016,6.07,35128,Petrol,Individual,Manual,0,1.85
Toyota Innova,2018,34.8,58250,Petrol,Dealer,Automatic,0,9.96
Mahindra XUV500,2023,27.08,112777,Petrol,Dealer,Manual,1,9.73
Tata Nexon,2018,17.01,42126,Diesel,Individual,Manual,0,7.07
Kia Seltos,2021,22.78,111616,Petrol,Dealer,Manual,2,6.58
Hyundai Creta,2019,5.8,51799,Petrol,Dealer,Automatic,0,2.01
Kia Seltos,2012,18.85,37907,Diesel,Dealer,Manual,1,1.67
Mahindra XUV500,2016,32.79,12644,Petrol,Dealer,Manual,0,14.39
Tata Nexon,2023,31.69,39583,Petrol,Individual,Manual,0,19.22
Hyundai Creta,2020,13.8,59560,Petrol,Individual,Automatic,1,5.48
Toyota Innova,2018,20.0,115634,Diesel,Dealer,Manual,0,2.83
Tata Nexon,2022,25.32,110589,Petrol,Dealer,Manual,1,7.89
Tata Nexon,2023,13.88,46988,Diesel,Individual,Automatic,0,9.89
Toyota Innova,2024,5.08,146518,Diesel,Individual,Automatic,0,0.97
Honda City,2013,19.17,28162,Diesel,Dealer,Automatic,0,5.13
Mahindra XUV500,2012,22.25,100373,Petrol,Individual,Manual,1,0.5
Kia Seltos,2019,3.19,41003,CNG,Dealer,Automatic,0,1.57
Toyota Innova,2020,6.06,56746,Petrol,Dealer,Manual,2,2.39
Maruti Swift,2021,9.63,71923,Diesel,Individual,Manual,0,3.59
Maruti Swift,2016,14.14,137055,Petrol,Dealer,Manual,0,0.5
Maruti Swift,2025,20.31,132310,Diesel,Dealer,Manual,0,8.15
Maruti Swift,2022,12.4,52114,Petrol,Dealer,Manual,0,6.92
Hyundai Creta,2017,11.84,102687,Petrol,Dealer,Manual,0,1.37
Mahindra XUV500,2013,30.82,56274,Diesel,Dealer,Automatic,1,4.14
Hyundai i20,2022,7.64,24378,Petrol,Dealer,Manual,0,5.44
Honda City,2016,18.85,12548,Petrol,Dealer,Manual,0,7.79
Hyundai i20,2023,33.49,44621,Diesel,Dealer,Manual,2,16.76
Tata Nexon,2015,23.0,91901,Diesel,Individual,Automatic,0,0.5
Tata Nexon,2019,25.95,120423,Petrol,Dealer,Manual,0,3.9
Toyota Innova,2019,16.8,94673,Petrol,Individual,Manual,0,2.79
Maruti Swift,2025,3.64,22870,CNG,Dealer,Manual,0,2.96
Hyundai Creta,2016,23.68,50738,Diesel,Individual,Automatic,0,8.64
Hyundai Creta,2022,23.22,72537,Petrol,Individual,Manual,0,10.53
Toyota Innova,2019,6.53,62707,Diesel,Dealer,Manual,0,2.27
Tata Nexon,2017,17.79,146118,Petrol,Dealer,Manual,1,0.63
Maruti Swift,2021,32.29,60029,Petrol,Individual,Automatic,1,17.13
Mahindra XUV500,2017,9.56,41956,Petrol,Dealer,Manual,1,2.74
Kia Seltos,2024,17.76,18886,Petrol,Dealer,Manual,0,13.99
Honda City,2024,17.76,91281,Diesel,Dealer,Manual,0,9.05
Tata Nexon,2015,28.94,109653,Petrol,Dealer,Automatic,0,0.68
Kia Seltos,2021,29.39,149394,Petrol,Individual,Manual,0,6.8
Toyota Innova,2023,27.3,116705,Diesel,Individual,Manual,0,9.51
Kia Seltos,2022,14.69,120431,Petrol,Dealer,Manual,0,4.37
Toyota Innova,2014,5.31,11162,Diesel,Dealer,Manual,0,2.13
Tata Nexon,2020,14.18,119227,Petrol,Dealer,Manual,1,3.25
Hyundai i20,2016,24.75,87293,Diesel,Dealer,Manual,0,5.0
Hyundai Creta,2021,25.49,141977,Petrol,Individual,Automatic,3,1.64
Mahindra XUV500,2021,33.88,123815,Petrol,Individual,Manual,1,3.09
Mahindra XUV500,2015,17.52,131614,Diesel,Dealer,Automatic,0,0.5
Hyundai Creta,2017,23.24,115580,Diesel,Dealer,Manual,0,2.95
Honda City,2025,20.25,62483,Diesel,Dealer,Automatic,1,12.66
Mahindra XUV500,2015,7.82,43457,Diesel,Individual,Manual,1,2.23
Kia Seltos,2017,17.76,89940,Petrol,Dealer,Manual,0,5.21
Mahindra XUV500,2021,20.43,24676,Petrol,Dealer,Manual,0,11.25
Kia Seltos,2019,33.42,93796,Diesel,Individual,Manual,0,10.8
Tata Nexon,2019,14.73,77433,Diesel,Individual,Manual,0,4.43
Mahindra XUV500,2023,34.36,125026,Diesel,Individual,Manual,2,9.83
Tata Nexon,2017,20.35,137636,Diesel,Dealer,Manual,0,0.5
Mahindra XUV500,2012,10.76,149942,Petrol,Dealer,Manual,0,0.5
Hyundai Creta,2024,9.13,19219,Petrol,Dealer,Manual,0,7.18
Toyota Innova,2012,7.53,125082,Petrol,Individual,Manual,1,0.5
Maruti Swift,2025,17.49,146451,CNG,Individual,Manual,1,5.24
Maruti Swift,2014,3.7,7948,Diesel,Individual,Manual,1,1.3
Maruti Swift,2013,17.24,40902,Diesel,Dealer,Manual,1,3.87
Toyota Innova,2012,34.63,13969,Petrol,Individual,Manual,1,8.52
Maruti Swift,2012,24.44,67805,Petrol,Dealer,Manual,1,3.72
Hyundai Creta,2023,27.31,25646,Diesel,Dealer,Automatic,0,19.14
Tata Nexon,2023,6.81,60818,Diesel,Dealer,Manual,0,3.82
Hyundai i20,2023,18.14,8678,Petrol,Individual,Manual,1,12.68
Hyundai i20,2017,12.16,98055,Diesel,Dealer,Manual,0,1.86
Mahindra XUV500,2018,31.61,120686,Petrol,Individual,Automatic,1,2.41
Hyundai i20,2019,8.8,128439,Petrol,Individual,Manual,0,1.17
Maruti Swift,2014,17.68,135395,Diesel,Dealer,Manual,1,0.5
Hyundai i20,2012,21.82,123189,Diesel,Individual,Manual,0,0.5
Kia Seltos,2016,19.45,9014,Diesel,Dealer,Manual,0,7.9
Maruti Swift,2019,29.57,141179,Petrol,Dealer,Manual,1,0.5
Kia Seltos,2023,10.41,107632,Petrol,Dealer,Manual,0,4.66
Tata Nexon,2022,15.08,42423,Petrol,Individual,Automatic,1,9.6
Kia Seltos,2025,28.35,125015,Petrol,Dealer,Manual,0,11.21
Tata Nexon,2022,19.9,127308,Petrol,Individual,Manual,3,1.58
Toyota Innova,2015,15.87,108924,Petrol,Individual,Manual,1,0.5
Toyota Innova,2013,3.94,112416,Petrol,Dealer,Manual,0,0.5
Mahindra XUV500,2020,27.11,37332,Petrol,Dealer,Manual,1,14.79
Kia Seltos,2023,34.11,110308,Diesel,Individual,Automatic,0,13.71
Honda City,2024,22.85,93935,Diesel,Dealer,Manual,0,12.27
Tata Nexon,2020,30.41,7661,Diesel,Individual,Manual,1,21.19
Hyundai Creta,2014,19.54,140870,Petrol,Individual,Manual,1,0.5
Maruti Swift,2018,10.41,30850,Petrol,Dealer,Manual,0,4.56
Honda City,2024,3.46,139229,Petrol,Individual,Manual,0,0.92
Tata Nexon,2012,23.91,42485,Petrol,Dealer,Manual,1,3.35
Maruti Swift,2019,18.78,141408,Petrol,Individual,Automatic,0,1.39
Tata Nexon,2019,28.03,121931,Petrol,Dealer,Manual,1,4.14
Tata Nexon,2024,25.23,47280,Diesel,Individual,Manual,1,15.02
Hyundai Creta,2014,34.61,121779,CNG,Dealer,Manual,0,0.5
Maruti Swift,2023,19.33,118032,Petrol,Individual,Automatic,0,6.45
Tata Nexon,2016,16.67,84290,Diesel,Dealer,Automatic,0,3.33
Hyundai Creta,2015,12.18,10209,Petrol,Dealer,Manual,2,4.88
Tata Nexon,2018,18.26,66402,Diesel,Dealer,Automatic,1,6.32
Tata Nexon,2022,30.93,12645,Diesel,Individual,Manual,1,21.53
Mahindra XUV500,2018,4.36,43508,CNG,Dealer,Manual,0,2.01
Toyota Innova,2022,34.29,107458,Petrol,Individual,Automatic,1,13.7
Hyundai i20,2019,34.79,62822,Petrol,Individual,Automatic,0,14.25
Tata Nexon,2016,22.13,105969,Petrol,Individual,Automatic,1,0.5
Mahindra XUV500,2024,13.61,142090,Petrol,Dealer,Automatic,0,4.38
Hyundai Creta,2022,10.14,141785,CNG,Individual,Automatic,1,1.58
Maruti Swift,2016,11.85,116375,Diesel,Dealer,Manual,1,0.5
Kia Seltos,2019,4.6,100608,Diesel,Individual,Manual,0,1.17
Tata Nexon,2016,18.2,101856,Petrol,Individual,Manual,1,0.99
Mahindra XUV500,2024,4.83,118631,Diesel,Dealer,Automatic,0,2.17
Toyota Innova,2025,25.99,6026,Petrol,Dealer,Manual,0,21.59
Mahindra XUV500,2024,14.9,75009,Petrol,Dealer,Manual,0,6.92
Toyota Innova,2012,9.38,96676,Diesel,Dealer,Automatic,1,0.5
Kia Seltos,2022,20.44,87506,Petrol,Individual,Automatic,1,8.13
Tata Nexon,2014,34.16,99564,Petrol,Dealer,Manual,1,0.5
Honda City,2013,25.24,38452,Petrol,Individual,Manual,1,4.23
Kia Seltos,2023,18.74,8268,Diesel,Dealer,Manual,0,13.36
Hyundai i20,2021,27.86,85729,Diesel,Individual,Manual,0,10.27
Maruti Swift,2016,26.6,98602,Petrol,Individual,Manual,0,2.12
Mahindra XUV500,2024,31.54,136730,Diesel,Individual,Automatic,1,10.49
Maruti Swift,2019,9.55,39064,Diesel,Dealer,Manual,2,3.98
Maruti Swift,2020,30.48,48042,CNG,Dealer,Manual,0,14.21
Hyundai Creta,2020,12.63,110454,Diesel,Dealer,Manual,1,3.75
Hyundai Creta,2012,33.11,143864,Diesel,Dealer,Manual,1,0.5
Maruti Swift,2012,11.99,142676,Diesel,Dealer,Manual,0,0.5
Toyota Innova,2012,32.66,43557,Petrol,Individual,Manual,0,4.27
Mahindra XUV500,2012,33.84,12420,Petrol,Dealer,Automatic,1,10.94
Hyundai Creta,2020,7.66,28018,Petrol,Dealer,Manual,0,4.35
Hyundai i20,2012,34.18,130200,Petrol,Dealer,Automatic,2,0.5
Tata Nexon,2018,5.74,68076,Petrol,Dealer,Manual,0,1.75
Tata Nexon,2017,9.99,10108,Petrol,Dealer,Manual,0,5.11
Honda City,2020,17.21,97686,Petrol,Individual,Manual,0,6.13
Tata Nexon,2022,34.8,75783,Petrol,Dealer,Manual,1,16.45
Hyundai Creta,2020,18.63,78937,Petrol,Individual,Manual,0,6.72
Hyundai i20,2015,20.61,146069,Diesel,Dealer,Manual,1,0.5
Tata Nexon,2020,25.22,10261,Diesel,Individual,Manual,0,17.31
Toyota Innova,2025,33.99,76520,Petrol,Dealer,Manual,0,19.29
Kia Seltos,2024,28.07,25926,Petrol,Individual,Manual,1,17.64
Tata Nexon,2025,10.17,137249,Petrol,Dealer,Manual,0,3.32
Maruti Swift,2017,12.7,65952,Petrol,Dealer,Manual,1,3.31
Maruti Swift,2016,6.12,145240,Petrol,Dealer,Manual,0,0.5
Kia Seltos,2020,23.62,122180,Diesel,Individual,Manual,1,5.38
Maruti Swift,2018,8.78,138461,Petrol,Individual,Manual,1,0.5
Maruti Swift,2020,11.24,11364,Diesel,Dealer,Manual,2,5.88
Toyota Innova,2016,31.42,134133,Diesel,Dealer,Manual,0,0.5
Toyota Innova,2015,13.46,32033,Petrol,Dealer,Manual,1,2.71
Toyota Innova,2021,21.13,53545,Petrol,Dealer,Manual,0,9.89
Hyundai Creta,2014,15.72,16865,Petrol,Dealer,Automatic,0,5.65
Tata Nexon,2016,5.37,23936,Petrol,Individual,Manual,0,2.39
Kia Seltos,2020,14.61,82863,Petrol,Individual,Manual,0,4.19
Maruti Swift,2014,16.06,102788,CNG,Individual,Automatic,1,0.5
Honda City,2012,31.66,105614,Diesel,Individual,Manual,1,0.5
Kia Seltos,2013,13.38,139813,CNG,Dealer,Manual,0,0.5
Honda City,2021,15.14,110589,Petrol,Dealer,Automatic,1,2.93
Maruti Swift,2016,28.05,94537,Petrol,Dealer,Automatic,0,6.08
Hyundai i20,2014,27.29,139911,Petrol,Dealer,Manual,1,0.5
Kia Seltos,2017,28.55,110885,Petrol,Dealer,Manual,1,1.32
Hyundai Creta,2022,33.52,24139,Petrol,Individual,Automatic,1,19.78
Tata Nexon,2019,28.46,57749,Diesel,Individual,Manual,0,8.8
Honda City,2017,16.04,30036,Petrol,Dealer,Manual,1,4.78
Kia Seltos,2021,29.29,108541,CNG,Dealer,Manual,0,7.28
Kia Seltos,2020,19.28,137812,CNG,Individual,Manual,1,0.81
Toyota Innova,2017,11.89,63788,Petrol,Individual,Manual,0,2.67
Hyundai i20,2025,12.69,36611,Diesel,Dealer,Manual,1,9.34
Toyota Innova,2016,10.16,24481,Petrol,Individual,Automatic,0,4.35
Hyundai i20,2015,7.64,10247,Petrol,Individual,Manual,1,2.61
Hyundai i20,2013,8.9,30319,Diesel,Dealer,Manual,1,2.8
Tata Nexon,2017,5.02,28728,Petrol,Dealer,Manual,1,1.41
Kia Seltos,2013,31.43,104156,Diesel,Individual,Manual,1,0.5
Toyota Innova,2016,32.79,91846,Diesel,Individual,Manual,2,1.13
Hyundai Creta,2012,21.78,47521,Diesel,Dealer,Manual,1,1.13
Toyota Innova,2014,29.9,69777,CNG,Individual,Manual,0,2.51
Honda City,2021,8.87,148209,Petrol,Individual,Manual,1,0.77
Kia Seltos,2016,31.85,92309,Petrol,Individual,Automatic,0,3.57
Maruti Swift,2024,19.2,35024,Petrol,Dealer,Manual,1,12.51
Maruti Swift,2024,5.15,22702,Petrol,Individual,Manual,2,3.12
Honda City,2018,7.52,135225,Petrol,Dealer,Manual,0,0.5
Hyundai i20,2019,12.89,66071,Diesel,Dealer,Manual,1,3.98
Hyundai Creta,2018,4.39,144570,Petrol,Individual,Manual,1,0.5
Honda City,2018,12.9,82710,CNG,Dealer,Manual,0,3.13
Honda City,2022,4.92,63456,Diesel,Dealer,Manual,0,2.48
Toyota Innova,2013,10.55,109280,Petrol,Individual,Manual,0,0.5
Honda City,2017,11.5,62158,Petrol,Dealer,Manual,2,2.28
Mahindra XUV500,2016,34.82,128225,Petrol,Dealer,Manual,0,0.5
Hyundai Creta,2022,10.54,135299,Petrol,Dealer,Manual,1,2.9
Hyundai i20,2020,10.65,8911,Petrol,Dealer,Manual,0,6.3
Maruti Swift,2023,24.98,78876,Petrol,Dealer,Automatic,0,11.8
Tata Nexon,2021,30.5,75412,Diesel,Individual,Manual,1,10.22
Hyundai Creta,2022,15.39,68804,Petrol,Individual,Manual,0,6.85
Hyundai Creta,2015,31.02,66727,Diesel,Individual,Automatic,3,2.0
Kia Seltos,2023,13.88,11440,Diesel,Dealer,Manual,0,10.52
Honda City,2018,9.3,148802,Petrol,Individual,Manual,0,0.5
Kia Seltos,2022,13.55,69792,Petrol,Dealer,Manual,0,6.35
Honda City,2019,22.5,33972,Diesel,Individual,Manual,2,8.35
Mahindra XUV500,2025,14.75,69385,CNG,Dealer,Manual,0,9.54
Kia Seltos,2017,24.53,126257,Petrol,Dealer,Manual,0,3.88
Toyota Innova,2014,10.58,146221,Petrol,Dealer,Manual,0,0.5
Toyota Innova,2022,25.43,60014,Petrol,Dealer,Manual,0,13.95
Kia Seltos,2016,14.12,43402,Petrol,Individual,Automatic,1,4.01
Honda City,2012,17.59,130679,Petrol,Individual,Manual,1,0.5
Mahindra XUV500,2025,20.85,87917,Petrol,Individual,Manual,0,12.3
Mahindra XUV500,2024,24.96,102895,Diesel,Individual,Manual,0,11.38
Honda City,2019,10.64,136315,Petrol,Dealer,Manual,1,0.5
Hyundai i20,2023,29.75,127655,Petrol,Dealer,Manual,0,8.13
Maruti Swift,2023,26.1,138486,Petrol,Individual,Manual,0,5.49
Hyundai Creta,2023,10.49,139928,Diesel,Dealer,Automatic,0,2.56
Hyundai Creta,2022,34.2,76799,Petrol,Dealer,Automatic,0,13.02
Maruti Swift,2013,24.27,127626,CNG,Individual,Manual,0,0.5
Mahindra XUV500,2024,17.48,135551,Petrol,Dealer,Manual,0,6.63
Tata Nexon,2021,8.04,63949,Petrol,Dealer,Manual,0,3.78
Maruti Swift,2018,20.06,46392,Petrol,Dealer,Manual,0,9.09
Tata Nexon,2020,8.27,148542,Diesel,Dealer,Automatic,1,1.07
Toyota Innova,2012,16.74,149844,Petrol,Dealer,Manual,3,0.5
Hyundai Creta,2024,16.08,89944,Diesel,Dealer,Manual,2,6.88
Tata Nexon,2015,26.04,129052,Diesel,Dealer,Manual,1,0.5
Tata Nexon,2018,9.16,149656,Diesel,Dealer,Manual,0,0.5
Maruti Swift,2025,29.3,90376,Petrol,Dealer,Automatic,0,14.1
Mahindra XUV500,2020,13.44,109128,Diesel,Individual,Automatic,1,3.35
Honda City,2013,17.21,17097,Petrol,Dealer,Manual,0,5.23
Mahindra XUV500,2013,27.71,122540,Petrol,Dealer,Automatic,0,0.5
Toyota Innova,2017,23.01,127202,Petrol,Dealer,Manual,0,2.06
Hyundai i20,2014,12.86,42693,Diesel,Dealer,Manual,0,2.45
Tata Nexon,2015,15.36,56988,Petrol,Dealer,Manual,1,3.57
Tata Nexon,2014,12.79,54769,Petrol,Dealer,Manual,1,1.63
Kia Seltos,2024,22.03,130476,Petrol,Individual,Manual,1,8.07
Tata Nexon,2012,13.64,132266,Petrol,Dealer,Manual,1,0.5
Mahindra XUV500,2025,26.22,138541,Petrol,Individual,Manual,0,7.41
Honda City,2025,21.55,148540,Petrol,Dealer,Manual,1,4.7
Hyundai i20,2017,7.66,133237,Petrol,Dealer,Manual,0,0.5
Mahindra XUV500,2022,12.93,139237,Petrol,Dealer,Manual,1,1.52
Kia Seltos,2022,10.09,62603,Diesel,Individual,Manual,0,4.85
Mahindra XUV500,2024,15.49,48251,Petrol,Dealer,Automatic,1,10.43
Maruti Swift,2013,19.51,52526,Petrol,Dealer,Manual,3,2.69
Toyota Innova,2013,19.22,107734,Petrol,Dealer,Manual,0,0.5
Honda City,2018,27.14,112542,Diesel,Individual,Manual,0,5.72
Hyundai i20,2016,9.05,33942,Petrol,Individual,Manual,0,2.99
Toyota Innova,2019,33.29,50017,Petrol,Individual,Manual,0,15.01
Maruti Swift,2025,13.97,65555,Petrol,Dealer,Manual,0,7.52
Toyota Innova,2013,12.61,44365,CNG,Dealer,Manual,1,2.19
Kia Seltos,2024,24.93,137479,Diesel,Individual,Automatic,0,4.61
Tata Nexon,2021,28.78,30976,Petrol,Dealer,Manual,0,17.7
Tata Nexon,2019,15.11,46969,Petrol,Dealer,Manual,1,6.31
Honda City,2018,26.9,20515,Petrol,Individual,Manual,0,13.84
Toyota Innova,2024,31.28,141772,Petrol,Dealer,Manual,0,7.63
Mahindra XUV500,2021,27.54,78663,Diesel,Individual,Manual,1,10.97
Tata Nexon,2025,4.09,58379,Petrol,Dealer,Manual,1,2.66
Honda City,2019,29.48,32391,Diesel,Dealer,Manual,0,14.38
Honda City,2022,27.78,72081,Petrol,Dealer,Automatic,0,14.36
Kia Seltos,2014,24.42,62284,Diesel,Individual,Manual,0,3.67
Honda City,2019,27.32,87054,Petrol,Dealer,Automatic,0,8.57
Maruti Swift,2017,34.34,106163,Petrol,Dealer,Manual,0,3.7
Mahindra XUV500,2013,16.8,98590,Diesel,Individual,Manual,1,0.5
Tata Nexon,2017,5.15,83593,Petrol,Dealer,Manual,1,1.03
Tata Nexon,2016,17.75,64485,Diesel,Dealer,Manual,0,3.78
Hyundai i20,2014,4.49,39032,Diesel,Individual,Manual,1,0.61
Maruti Swift,2012,12.42,23156,Petrol,Individual,Automatic,0,2.97
Tata Nexon,2018,21.78,54316,Diesel,Dealer,Manual,0,9.56
Kia Seltos,2013,12.91,115916,Petrol,Dealer,Automatic,1,0.5
Tata Nexon,2012,24.93,118881,Petrol,Individual,Automatic,2,0.5
Hyundai i20,2012,29.3,98099,Diesel,Dealer,Manual,0,0.5
Hyundai Creta,2018,16.45,127441,Diesel,Individual,Manual,0,1.97
Toyota Innova,2023,31.8,98263,Petrol,Dealer,Manual,1,11.63
Toyota Innova,2012,5.55,110118,Diesel,Individual,Automatic,0,0.5
Maruti Swift,2020,29.88,64235,CNG,Dealer,Automatic,0,14.47
Honda City,2017,29.51,57904,Petrol,Dealer,Manual,0,8.16
Hyundai i20,2015,13.3,86721,Diesel,Dealer,Manual,1,1.55
Hyundai Creta,2023,12.56,122920,Diesel,Dealer,Manual,0,4.83
Hyundai i20,2015,12.76,78130,CNG,Dealer,Automatic,3,0.66
Hyundai Creta,2024,28.96,143271,Petrol,Dealer,Automatic,0,5.99
Hyundai Creta,2023,29.61,140552,Diesel,Individual,Manual,0,7.39
Tata Nexon,2025,13.55,7607,Petrol,Dealer,Manual,1,11.08
Kia Seltos,2016,21.96,79116,Diesel,Dealer,Manual,0,3.27
Tata Nexon,2013,7.45,22173,Diesel,Individual,Manual,0,2.09
Kia Seltos,2016,18.0,39262,Petrol,Individual,Automatic,0,6.91
Hyundai i20,2013,34.96,52156,Petrol,Dealer,Manual,0,4.33
Honda City,2023,8.08,104124,Diesel,Dealer,Manual,1,2.77
Toyota Innova,2015,33.32,124828,Diesel,Dealer,Manual,0,0.5
Maruti Swift,2021,29.38,82764,Petrol,Individual,Manual,2,11.13
Mahindra XUV500,2022,34.11,133855,Petrol,Individual,Manual,1,5.94
Kia Seltos,2025,8.75,122057,Diesel,Dealer,Automatic,0,2.95
Toyota Innova,2016,9.83,69314,Petrol,Dealer,Manual,0,1.21
Maruti Swift,2017,3.54,98242,Petrol,Dealer,Manual,0,0.6
Honda City,2017,26.19,35466,CNG,Dealer,Manual,0,9.23
Hyundai i20,2020,23.61,121151,Petrol,Dealer,Manual,1,4.5
Honda City,2015,8.7,121595,Petrol,Individual,Manual,0,0.5
Kia Seltos,2024,28.32,93121,Petrol,Dealer,Manual,2,10.48
Hyundai i20,2025,12.57,29279,Diesel,Individual,Manual,0,8.84
Hyundai Creta,2016,7.32,16837,Petrol,Individual,Manual,0,3.32
Tata Nexon,2017,16.52,29209,Diesel,Individual,Automatic,0,7.63
Hyundai Creta,2015,5.91,17220,Diesel,Dealer,Manual,0,2.37
Maruti Swift,2017,11.42,140037,Petrol,Dealer,Manual,1,0.5
Tata Nexon,2013,14.88,109304,Diesel,Dealer,Manual,1,0.5
Hyundai i20,2023,30.26,46920,Petrol,Individual,Automatic,0,19.26
Mahindra XUV500,2024,28.36,66544,Diesel,Dealer,Manual,2,11.56
Maruti Swift,2018,17.17,133260,Petrol,Dealer,Manual,1,0.5
Maruti Swift,2014,26.19,130534,Diesel,Dealer,Manual,1,0.5
Tata Nexon,2025,21.2,98406,Petrol,Dealer,Manual,1,9.66
Maruti Swift,2021,13.91,87909,Petrol,Individual,Automatic,1,3.33
Hyundai i20,2015,26.23,99691,CNG,Dealer,Automatic,0,0.5
Hyundai Creta,2020,24.87,117958,Petrol,Dealer,Manual,0,4.11
Mahindra XUV500,2023,22.81,104010,Diesel,Dealer,Automatic,0,11.92
Kia Seltos,2024,22.77,28036,Petrol,Dealer,Manual,1,18.28
Kia Seltos,2016,24.86,131995,Petrol,Individual,Manual,2,0.5
Hyundai i20,2020,15.31,70322,Diesel,Dealer,Automatic,1,5.1
Tata Nexon,2021,30.81,9847,Petrol,Dealer,Manual,2,20.72
Honda City,2024,8.19,55772,Diesel,Individual,Manual,0,4.62
Hyundai i20,2021,31.28,17893,Petrol,Individual,Automatic,1,21.05
Kia Seltos,2021,13.95,140721,Petrol,Dealer,Manual,1,2.41
Hyundai i20,2023,7.0,16613,Diesel,Dealer,Manual,1,4.86
Maruti Swift,2021,22.2,58833,Petrol,Dealer,Manual,1,11.39
Maruti Swift,2017,15.03,67423,Petrol,Dealer,Automatic,0,3.66
Hyundai i20,2019,29.1,94964,Diesel,Dealer,Automatic,0,5.07
Tata Nexon,2016,16.79,123268,Petrol,Dealer,Manual,3,0.5
Honda City,2016,24.39,117242,Petrol,Individual,Automatic,0,0.51
Maruti Swift,2014,12.86,93069,Diesel,Dealer,Manual,0,0.89
Kia Seltos,2018,9.7,80642,Diesel,Individual,Manual,0,3.61
Mahindra XUV500,2013,15.42,85984,Petrol,Individual,Automatic,0,0.5
Maruti Swift,2022,22.42,83669,Petrol,Individual,Manual,1,8.56
Kia Seltos,2023,24.02,149780,Diesel,Dealer,Manual,1,6.37
Hyundai Creta,2014,21.5,142162,Petrol,Individual,Manual,2,0.5
Hyundai Creta,2013,34.62,97170,Petrol,Individual,Manual,0,0.5
Mahindra XUV500,2024,25.11,96757,CNG,Dealer,Manual,1,9.31
Honda City,2019,32.81,116088,Petrol,Dealer,Manual,2,1.77
Mahindra XUV500,2015,6.77,85928,Diesel,Dealer,Manual,3,0.5
Maruti Swift,2021,4.96,105840,Diesel,Dealer,Manual,2,1.15
Mahindra XUV500,2019,12.95,89431,Diesel,Dealer,Manual,1,3.07
Tata Nexon,2019,7.37,11768,Diesel,Dealer,Automatic,0,4.42
Kia Seltos,2019,19.83,118661,Petrol,Individual,Automatic,0,2.08
Maruti Swift,2019,19.61,136692,Petrol,Dealer,Automatic,1,0.76
Maruti Swift,2019,21.4,24118,Diesel,Individual,Manual,1,7.92
Hyundai i20,2023,26.85,130551,Petrol,Dealer,Automatic,1,6.89
Hyundai Creta,2020,34.08,15200,Diesel,Individual,Manual,0,23.34
Tata Nexon,2013,31.1,104066,Petrol,Dealer,Manual,1,0.5
Tata Nexon,2020,6.79,63704,Diesel,Dealer,Manual,0,3.05
Hyundai i20,2019,13.83,58487,Petrol,Individual,Manual,0,4.97
Mahindra XUV500,2022,11.19,118373,Petrol,Dealer,Automatic,0,3.8
Kia Seltos,2021,8.66,34840,Petrol,Dealer,Manual,2,4.42
Toyota Innova,2012,20.43,23435,Diesel,Individual,Manual,0,5.02
Honda City,2025,20.7,52897,Petrol,Dealer,Automatic,1,13.5
Hyundai Creta,2016,10.27,126677,Diesel,Individual,Manual,0,0.7
Tata Nexon,2022,25.78,33484,Petrol,Dealer,Automatic,1,15.78
Hyundai Creta,2013,26.45,142125,Petrol,Dealer,Automatic,1,0.5
Toyota Innova,2021,3.67,132069,Diesel,Dealer,Manual,2,0.5
Kia Seltos,2016,15.66,134548,Petrol,Individual,Manual,0,0.5
Honda City,2024,31.48,138617,Petrol,Dealer,Manual,0,9.77
Tata Nexon,2019,19.65,100495,Petrol,Individual,Manual,1,3.2
Maruti Swift,2020,14.12,82213,Diesel,Individual,Manual,0,4.31
Tata Nexon,2020,11.12,13560,CNG,Dealer,Manual,0,7.04
Honda City,2012,10.79,139734,Petrol,Dealer,Automatic,0,0.5
Mahindra XUV500,2018,6.19,119041,Petrol,Individual,Automatic,1,0.82
Toyota Innova,2023,29.15,44497,Petrol,Dealer,Manual,0,17.7
Hyundai Creta,2022,5.77,57606,Diesel,Dealer,Manual,0,2.4
Mahindra XUV500,2019,12.35,67112,Petrol,Dealer,Manual,1,3.7
Maruti Swift,2021,4.46,83334,Diesel,Individual,Manual,0,1.29
Honda City,2014,28.0,75344,Petrol,Individual,Manual,0,3.6
Kia Seltos,2024,4.26,13048,Diesel,Dealer,Automatic,0,2.99
Mahindra XUV500,2017,12.87,83643,Petrol,Dealer,Automatic,1,1.37
Honda City,2022,21.35,142592,CNG,Individual,Manual,0,3.69
Tata Nexon,2014,16.11,34476,Petrol,Dealer,Manual,1,5.15
Hyundai Creta,2020,12.03,140555,Petrol,Individual,Manual,1,0.5
Kia Seltos,2024,11.81,61123,Diesel,Dealer,Manual,0,7.22
Hyundai i20,2014,28.53,115831,Diesel,Individual,Manual,2,0.5
Hyundai i20,2013,34.17,44887,Petrol,Individual,Manual,0,9.21
Mahindra XUV500,2020,14.14,93780,CNG,Dealer,Manual,0,4.9
Maruti Swift,2022,4.25,108739,Petrol,Dealer,Manual,1,1.51
Honda City,2024,4.17,66055,Petrol,Dealer,Manual,1,2.51
Toyota Innova,2025,27.29,23327,Petrol,Dealer,Manual,0,20.03
Maruti Swift,2019,20.68,105023,Petrol,Dealer,Manual,0,4.79
Kia Seltos,2019,28.07,145238,Diesel,Individual,Automatic,0,2.81
Mahindra XUV500,2013,25.32,101279,Petrol,Dealer,Automatic,0,0.5
Maruti Swift,2017,32.04,14042,Petrol,Dealer,Automatic,1,13.11
Mahindra XUV500,2024,31.35,148041,Petrol,Individual,Automatic,1,5.48
Tata Nexon,2024,28.23,77739,Petrol,Dealer,Manual,0,16.67
Kia Seltos,2016,18.21,68588,CNG,Dealer,Manual,0,3.94
Hyundai Creta,2025,12.86,140713,Diesel,Individual,Manual,0,4.09
Toyota Innova,2023,19.22,33536,Petrol,Individual,Manual,0,11.51
Honda City,2013,19.07,19546,Petrol,Dealer,Automatic,0,5.3
Kia Seltos,2016,22.53,120429,CNG,Dealer,Automatic,0,0.5
Honda City,2015,8.96,103895,Petrol,Dealer,Manual,0,0.5
Honda City,2020,23.98,105523,Petrol,Individual,Manual,0,4.42
Maruti Swift,2023,17.61,14029,Petrol,Individual,Manual,1,12.76
Tata Nexon,2012,22.85,147394,Petrol,Individual,Manual,0,0.5
Maruti Swift,2017,10.67,112029,Diesel,Dealer,Manual,2,0.5
Hyundai i20,2018,16.9,124148,Diesel,Dealer,Manual,1,0.5
Hyundai i20,2023,9.73,17654,CNG,Individual,Automatic,3,5.34
Honda City,2017,31.01,61663,Petrol,Dealer,Manual,2,6.23
Tata Nexon,2016,18.61,143580,Petrol,Dealer,Manual,1,0.5
Kia Seltos,2023,10.2,27132,CNG,Dealer,Manual,1,6.91
Honda City,2015,4.32,70800,Diesel,Individual,Automatic,0,0.8
Kia Seltos,2016,24.62,116653,Diesel,Dealer,Automatic,1,0.5
Honda City,2020,9.87,121722,Petrol,Dealer,Manual,1,2.09
Hyundai Creta,2016,34.67,122890,Diesel,Dealer,Automatic,0,0.5
Maruti Swift,2021,20.08,125885,Petrol,Dealer,Manual,1,4.09
Hyundai Creta,2019,12.25,72607,Petrol,Individual,Manual,0,4.04
Honda City,2018,24.05,52736,Diesel,Dealer,Manual,0,9.54
Honda City,2015,11.81,12840,Diesel,Dealer,Manual,0,4.56
Tata Nexon,2021,29.25,34654,Diesel,Dealer,Manual,1,16.53
Tata Nexon,2016,12.86,82385,Diesel,Dealer,Automatic,2,1.09
Mahindra XUV500,2018,34.62,142702,Petrol,Dealer,Automatic,1,0.8
Kia Seltos,2017,22.36,18008,Petrol,Dealer,Manual,1,8.47
Tata Nexon,2024,30.02,73395,Diesel,Individual,Manual,0,13.67
Honda City,2014,5.33,138465,Petrol,Dealer,Manual,2,0.5
Tata Nexon,2021,14.15,84627,Petrol,Dealer,Manual,0,6.31
Tata Nexon,2014,26.6,105354,Petrol,Dealer,Manual,2,0.5
Toyota Innova,2013,23.96,73657,Petrol,Dealer,Manual,0,1.7
Toyota Innova,2025,9.22,79652,CNG,Dealer,Manual,0,4.78
Hyundai i20,2014,14.4,75507,Petrol,Individual,Automatic,1,0.96
Maruti Swift,2022,11.43,135007,Petrol,Dealer,Manual,1,1.41
Mahindra XUV500,2021,22.63,131162,Diesel,Dealer,Manual,0,3.23
